username,location,Anime-Watching,Anime-Completed,Anime-Total,Anime-Mean-Score,Manga-Reading,Manga-Completed,Manga-Total,Manga-Mean-Score
-Frost-,,3.0,151.0,171.0,6.55,0.0,1.0,2.0,9.0
-Mortiz-,Per√∫,10.0,370.0,511.0,6.61,6.0,24.0,176.0,7.54
-SMULES-,edac355d98d2a730174093b48db53bc6,15.0,64.0,154.0,8.19,84.0,35.0,120.0,8.51
10G2Sucres,,3.0,101.0,194.0,8.74,3.0,0.0,4.0,9.5
1146,,33.0,190.0,567.0,6.97,5.0,0.0,19.0,8.0
1Mark3,,0.0,6.0,29.0,10.0,0.0,0.0,0.0,0.0
1ryan1,,0.0,191.0,304.0,7.83,1.0,0.0,1.0,0.0
2JARDA2CZ,,10.0,140.0,252.0,7.08,3.0,0.0,4.0,8.0
404_UserNotFound,,10.0,212.0,239.0,7.87,23.0,21.0,47.0,8.61
5XD,Da Mancave,16.0,34.0,122.0,10.0,6.0,7.0,35.0,10.0
5te1n,,20.0,563.0,1073.0,7.36,26.0,21.0,117.0,8.32
666thSS-Rachnera,,2.0,32.0,84.0,8.94,2.0,0.0,2.0,10.0
777gambit777,,6.0,51.0,57.0,7.52,3.0,7.0,11.0,8.38
9866161997,,9.0,17.0,81.0,9.85,0.0,0.0,0.0,0.0
AWeeb69,,7.0,123.0,169.0,7.71,3.0,3.0,11.0,9.75
AaronCitron,France,23.0,112.0,148.0,7.31,3.0,1.0,4.0,8.33
Aaryaa,,2.0,172.0,234.0,8.5,12.0,241.0,267.0,8.4
AbbyFlabby,,3.0,15.0,55.0,0.0,0.0,0.0,1.0,0.0
Abernauthy,"Tuscany, Italy",2.0,605.0,861.0,7.56,0.0,70.0,225.0,7.5
AbusedGrape,,4.0,32.0,47.0,10.0,1.0,1.0,2.0,0.0
Adarsh_Jaiswal,,6.0,67.0,87.0,9.2,1.0,0.0,1.0,8.0
Aditya_1908,,3.0,4.0,14.0,9.25,0.0,0.0,0.0,0.0
AdonettDekker,,1.0,91.0,176.0,8.03,2.0,3.0,7.0,8.4
Advol,,30.0,647.0,899.0,9.15,0.0,0.0,10.0,0.0
AerialSong,,47.0,97.0,267.0,8.43,0.0,1.0,1.0,10.0
Aj_Mol,,19.0,858.0,917.0,8.38,15.0,35.0,50.0,8.22
AlaOuni,"Ras Jebel,Tunisia",13.0,208.0,236.0,1.0,5.0,0.0,5.0,0.0
AlexRio,"Sorocaba,S√£o Paulo",31.0,120.0,288.0,7.25,41.0,41.0,123.0,8.56
Ali__Kat,,15.0,132.0,190.0,7.93,6.0,8.0,18.0,8.5
Alliey5,,24.0,330.0,704.0,7.9,0.0,0.0,1.0,0.0
AllyLB,Italy,4.0,87.0,128.0,5.75,26.0,27.0,57.0,6.95
Alparslan_Gunes,,1.0,158.0,213.0,7.78,1.0,0.0,1.0,0.0
AltoRoark,"Austin, Texas",20.0,96.0,307.0,6.66,12.0,6.0,39.0,7.08
Amathenry,,30.0,168.0,340.0,6.94,12.0,6.0,25.0,8.83
Amitte_Sukku,Poland,14.0,963.0,2412.0,7.16,16.0,62.0,775.0,7.67
Amitte_Sukku,Poland,14.0,963.0,2412.0,7.16,16.0,62.0,775.0,7.67
Amyisboss,,6.0,7.0,27.0,9.0,0.0,0.0,0.0,0.0
Angel925,,0.0,0.0,21.0,0.0,0.0,0.0,0.0,0.0
Angelic2k8,,5.0,111.0,126.0,7.84,7.0,4.0,13.0,8.18
AngryWulfie,,5.0,24.0,40.0,8.91,1.0,2.0,5.0,9.5
AnimeLazyGuy,,12.0,148.0,240.0,8.19,2.0,1.0,10.0,8.75
Animelover_dj,,2.0,101.0,139.0,7.83,18.0,60.0,87.0,8.75
Animewatcher476,,7.0,9.0,17.0,9.25,2.0,0.0,2.0,10.0
AnonymousSecon,,100.0,118.0,443.0,8.03,60.0,4.0,93.0,7.75
Antekvaro,,3.0,15.0,39.0,4.0,1.0,0.0,1.0,0.0
Antilochus2,,9.0,448.0,559.0,6.74,6.0,18.0,26.0,7.33
Aphrahodox,,6.0,1.0,8.0,8.0,3.0,0.0,3.0,0.0
Apocowboy,,3.0,136.0,186.0,6.75,8.0,36.0,93.0,6.17
ArWoXx,,11.0,62.0,146.0,8.88,0.0,0.0,5.0,0.0
Ararararagi,,12.0,259.0,326.0,7.97,82.0,29.0,114.0,7.98
ArchaicAlchemy,Indonesia,4.0,64.0,79.0,7.78,9.0,19.0,30.0,8.0
Areku123,,20.0,112.0,136.0,8.34,0.0,0.0,0.0,0.0
Arij_Benasser,,19.0,129.0,307.0,8.58,3.0,0.0,4.0,0.0
Ariliia,,0.0,58.0,77.0,10.0,0.0,0.0,0.0,0.0
Arita2,,2.0,17.0,19.0,10.0,0.0,0.0,0.0,0.0
Arjon,"Karaj, Iran",47.0,815.0,1512.0,6.8,3.0,0.0,3.0,9.0
Arjunverma123,,10.0,16.0,26.0,8.35,0.0,0.0,0.0,0.0
Artel_Valenheart,"Kyiv, Ukraine",31.0,377.0,716.0,7.19,123.0,69.0,447.0,8.13
ArtemisNero,"Brasil,Sp",14.0,534.0,705.0,7.23,4.0,9.0,26.0,8.44
Arun_Kancharla,,12.0,73.0,645.0,8.08,1.0,1.0,28.0,0.0
Aselo_,Loliville,12.0,216.0,415.0,0.0,0.0,0.0,0.0,0.0
Ataraxie-,,10.0,237.0,265.0,7.28,0.0,0.0,0.0,0.0
AtomicEchoe_,,2.0,240.0,258.0,0.0,0.0,0.0,0.0,0.0
Audrin_Seiger,,2.0,56.0,77.0,8.16,0.0,0.0,0.0,0.0
Aure03,,17.0,163.0,1828.0,7.51,3.0,7.0,82.0,9.1
Aure__,,0.0,74.0,137.0,0.0,0.0,0.0,0.0,0.0
Auri-chan,Poland,25.0,232.0,464.0,7.83,24.0,26.0,59.0,7.79
Auth,,0.0,418.0,418.0,0.0,0.0,0.0,0.0,0.0
Axewell_Stevens,,4.0,33.0,57.0,7.84,0.0,0.0,0.0,0.0
AyumiShouta,,0.0,23.0,44.0,0.0,0.0,0.0,0.0,0.0
AzErLoc,,6.0,171.0,229.0,0.0,3.0,1.0,4.0,0.0
Azgar5991,Lisbon ,54.0,1164.0,1218.0,6.74,7.0,51.0,58.0,7.98
Azif,,88.0,780.0,1042.0,6.65,51.0,37.0,89.0,8.4
B-Rowdy,,54.0,200.0,891.0,7.08,0.0,1.0,9.0,8.0
B1scubi,,2.0,126.0,296.0,6.42,0.0,23.0,29.0,6.43
BASUBAE,"Florida, USA",17.0,130.0,380.0,6.37,24.0,4.0,64.0,5.75
BRV3407,,5.0,17.0,101.0,8.0,1.0,0.0,1.0,0.0
BRzueiro,"Campo Largo, Parana, Brasil",9.0,116.0,174.0,6.62,16.0,16.0,75.0,7.34
Bacovsky,,1.0,24.0,94.0,8.96,3.0,0.0,5.0,10.0
Balgo1,,1.0,32.0,35.0,7.3,0.0,8.0,9.0,8.75
BanTheUndead98,,8.0,157.0,243.0,7.67,3.0,0.0,4.0,3.0
BarbaDeBode,"Reino √©lfico, S√£o Paulo",10.0,23.0,42.0,8.13,1.0,0.0,2.0,0.0
Bassam88922,,11.0,838.0,1064.0,7.44,6.0,58.0,97.0,7.73
Batatei,"S√£o Paulo, Brazil",9.0,89.0,177.0,7.26,5.0,0.0,9.0,0.0
Battousin,,29.0,195.0,292.0,0.0,0.0,0.0,0.0,0.0
Beatajac17,,3.0,69.0,74.0,0.0,0.0,1.0,1.0,0.0
Beja10,Portugal,2.0,150.0,170.0,6.96,0.0,0.0,0.0,0.0
Benefits,,3.0,57.0,88.0,7.43,0.0,0.0,0.0,0.0
Berimbal,,12.0,112.0,215.0,7.82,21.0,15.0,71.0,8.29
Betkrito,,11.0,640.0,836.0,5.57,5.0,31.0,311.0,5.87
Bielzinesz12,,28.0,113.0,192.0,8.65,0.0,0.0,0.0,0.0
BigBoiOnDuty,Poland,12.0,463.0,746.0,5.64,20.0,24.0,176.0,7.05
BigManSnacks,,12.0,144.0,221.0,7.37,5.0,1.0,9.0,8.0
BitMad,,4.0,470.0,949.0,7.57,2.0,0.0,3.0,0.0
Black69,,16.0,108.0,213.0,7.44,9.0,7.0,51.0,9.06
BlackDracRises92,,3.0,75.0,121.0,8.15,0.0,0.0,0.0,0.0
Blacksalsss,,13.0,216.0,373.0,7.87,0.0,0.0,0.0,0.0
BlizzCoreCLAB,,0.0,151.0,169.0,6.92,0.0,0.0,0.0,0.0
Blondesenpai,,3.0,82.0,97.0,0.0,0.0,0.0,0.0,0.0
Bloodmiasma,,18.0,370.0,478.0,7.56,31.0,37.0,82.0,7.8
Bogi11,,9.0,75.0,147.0,0.0,0.0,0.0,0.0,0.0
Boometon3,,3.0,0.0,23.0,0.0,0.0,0.0,1.0,0.0
BowToAnime,,23.0,299.0,374.0,7.77,5.0,4.0,10.0,7.5
Brainsickness,Portugal,5.0,81.0,583.0,7.71,0.0,0.0,0.0,0.0
Bramb0rak,,5.0,82.0,96.0,8.06,0.0,0.0,0.0,0.0
Brazorf,,7.0,342.0,356.0,7.71,167.0,106.0,273.0,8.08
Brick55,,11.0,100.0,146.0,7.64,11.0,3.0,18.0,8.0
BrodixXx,Poland,10.0,285.0,839.0,7.62,5.0,16.0,148.0,7.06
BryanR,,2.0,120.0,676.0,6.75,0.0,0.0,0.0,0.0
BuckySnow,,2.0,7.0,9.0,9.0,0.0,0.0,0.0,0.0
Bunhoff,,11.0,94.0,166.0,9.54,0.0,0.0,1.0,0.0
Bussers,,14.0,165.0,208.0,7.56,3.0,2.0,6.0,8.2
CPULink,Puerto Rico,11.0,464.0,547.0,8.32,11.0,32.0,55.0,8.85
Ca1iburn,,5.0,95.0,101.0,0.0,0.0,0.0,0.0,0.0
Cabelo_O_Grande,,9.0,138.0,364.0,9.46,10.0,8.0,152.0,9.14
Calamit,,10.0,75.0,110.0,8.51,0.0,4.0,4.0,8.25
Camdain99,,4.0,55.0,71.0,7.88,0.0,1.0,1.0,0.0
Camilo_Cast,,12.0,108.0,192.0,8.56,0.0,0.0,0.0,0.0
CarmanhanZ,,4.0,500.0,618.0,6.93,12.0,7.0,19.0,8.26
Cat-astrophe,,29.0,122.0,592.0,7.92,2.0,0.0,52.0,0.0
Catfishdz12,,10.0,127.0,262.0,7.92,1.0,0.0,3.0,8.0
ChaoticCitrus,Virginia,3.0,91.0,151.0,7.69,4.0,5.0,11.0,8.8
CharisardTT,,24.0,119.0,193.0,7.26,0.0,0.0,1.0,0.0
CharizardX,"Province of Quebec, Canada.",6.0,144.0,333.0,8.0,4.0,6.0,13.0,8.33
Charlesdragon7,,2.0,273.0,884.0,7.54,1.0,0.0,1.0,0.0
Chemix,Slovakia,12.0,278.0,357.0,6.74,13.0,26.0,51.0,8.03
ChenWasTaken,,9.0,43.0,123.0,7.3,0.0,0.0,0.0,0.0
Cheryl-chan,Argentina,14.0,28.0,52.0,7.74,3.0,2.0,5.0,9.0
Chicken1212,,0.0,1.0,2.0,0.0,0.0,0.0,0.0,0.0
Chimikima,,37.0,309.0,572.0,7.75,34.0,37.0,83.0,7.69
Chlorofyl,,3.0,171.0,212.0,10.0,1.0,0.0,1.0,0.0
ChoiceSuperG,,10.0,185.0,536.0,7.03,15.0,1.0,56.0,0.0
Choszex,,2.0,181.0,354.0,7.77,0.0,6.0,11.0,8.67
Chrisas,,4.0,94.0,533.0,6.58,3.0,7.0,63.0,7.63
Cindirella,,8.0,126.0,349.0,7.76,8.0,13.0,67.0,8.14
CitrusFart,,13.0,50.0,98.0,7.77,6.0,0.0,8.0,0.0
CjHeRsIuSsT,,9.0,202.0,260.0,9.73,1.0,4.0,10.0,9.5
Clarkey30,,0.0,0.0,7.0,0.0,0.0,0.0,0.0,0.0
Clerclem,Amiens,11.0,104.0,165.0,7.68,14.0,7.0,21.0,7.29
Conkerovsky,,1.0,66.0,138.0,8.37,4.0,0.0,4.0,8.5
Cookieoats,,8.0,270.0,337.0,7.28,16.0,126.0,213.0,7.01
CorvoDotDot,,1.0,48.0,108.0,7.85,0.0,1.0,1.0,9.0
Cplcido,,16.0,176.0,267.0,8.2,0.0,0.0,0.0,0.0
Cpt_wigglemunch,,17.0,123.0,257.0,7.05,1.0,0.0,20.0,10.0
Crash285,,1.0,70.0,271.0,8.97,1.0,2.0,9.0,9.5
Crossbown,,3.0,141.0,169.0,7.37,0.0,3.0,8.0,9.0
CrusaderLawliet,,1.0,1246.0,1563.0,6.9,7.0,13.0,49.0,5.77
DDAYDAVE,Watford #6449,2.0,145.0,178.0,8.12,0.0,0.0,2.0,0.0
DLeeMM,,5.0,103.0,147.0,7.65,1.0,4.0,5.0,9.0
DaRealWiz,,0.0,11.0,12.0,0.0,0.0,0.0,0.0,0.0
Daaniro,BRAZIL,20.0,221.0,354.0,8.44,0.0,0.0,0.0,0.0
Daevio,,10.0,556.0,624.0,8.58,2.0,0.0,23.0,0.0
Danvision10,,2.0,47.0,63.0,7.63,0.0,0.0,0.0,0.0
Dany_y,Italy,14.0,180.0,308.0,7.69,5.0,0.0,5.0,9.0
DareBrando,,11.0,63.0,142.0,7.99,15.0,4.0,37.0,9.0
DarkSoul12345,Serbia,8.0,126.0,450.0,0.0,0.0,2.0,2.0,0.0
DarkSoul932,,24.0,327.0,719.0,7.5,7.0,1.0,10.0,7.0
Dark_Lone_Wolf,,18.0,443.0,648.0,7.62,0.0,0.0,0.0,0.0
Darkshogun,"Miami, Florida",24.0,293.0,537.0,7.63,0.0,0.0,0.0,0.0
Darnashal,,0.0,154.0,154.0,10.0,1.0,0.0,1.0,9.0
DavePlayer,,7.0,238.0,380.0,7.15,5.0,0.0,5.0,0.0
Deamer,,3.0,877.0,1031.0,6.8,42.0,38.0,91.0,7.68
Deasti,,15.0,109.0,279.0,7.29,15.0,0.0,20.0,0.0
Deemdoom,,5.0,94.0,174.0,7.3,0.0,0.0,1.0,0.0
Deemer121,,5.0,129.0,157.0,0.0,0.0,0.0,0.0,0.0
Deibitto,Badalona,21.0,267.0,737.0,7.25,7.0,2.0,108.0,9.17
Deku_exe,,10.0,27.0,187.0,7.39,7.0,4.0,18.0,7.92
Delonso,,0.0,0.0,453.0,0.0,0.0,0.0,5.0,0.0
DemonCookie666,Canada,8.0,99.0,220.0,8.03,3.0,0.0,5.0,8.33
Denpler,,9.0,11.0,53.0,8.0,1.0,0.0,2.0,8.0
DerekV1,,8.0,103.0,175.0,6.83,0.0,0.0,0.0,0.0
DinoRex14,,23.0,146.0,498.0,9.83,0.0,0.0,0.0,0.0
DistructiveNick,"Connecticut, USA",22.0,408.0,1261.0,6.63,7.0,22.0,111.0,6.67
Dlovan_123,,10.0,68.0,88.0,7.85,1.0,0.0,1.0,0.0
Dofujikashi,,7.0,69.0,89.0,8.11,0.0,0.0,0.0,0.0
DomesticOniisan,,17.0,208.0,279.0,9.75,14.0,11.0,33.0,9.57
Doryo,,16.0,73.0,360.0,7.66,0.0,0.0,26.0,0.0
DrTobias,South Carolina,1.0,80.0,106.0,6.81,0.0,0.0,1.0,0.0
Dr_Phil156,,6.0,154.0,220.0,7.77,1.0,3.0,7.0,8.0
DragonKnightGX,,401.0,0.0,528.0,7.71,44.0,0.0,65.0,8.23
Dragonslayer9099,,22.0,55.0,89.0,7.67,0.0,0.0,0.0,0.0
Drajd06,,3.0,107.0,168.0,9.59,0.0,0.0,0.0,0.0
Dreixan,,10.0,83.0,669.0,8.09,1.0,2.0,175.0,8.5
DropOutG,,12.0,192.0,228.0,8.36,0.0,2.0,3.0,10.0
DryadUre,,363.0,7.0,381.0,10.0,50.0,1.0,51.0,10.0
Dryleader3387,,3.0,714.0,748.0,7.03,0.0,0.0,0.0,0.0
DsydeYourFate,Starship Enterprise,10.0,81.0,246.0,7.89,2.0,0.0,8.0,0.0
DuskRiver,,1.0,64.0,74.0,6.66,0.0,4.0,12.0,7.75
Dynomadness,,71.0,42.0,161.0,0.0,0.0,0.0,0.0,0.0
ELECTROGAM,,2.0,6.0,43.0,0.0,0.0,0.0,0.0,0.0
EdgadModerna,Alderaan,9.0,451.0,1820.0,0.0,1.0,1.0,42.0,0.0
Emptyness,Bulgaria,3.0,152.0,180.0,7.91,4.0,11.0,34.0,8.86
Eneenra,Poland,19.0,198.0,259.0,9.13,6.0,3.0,9.0,0.0
EnsMsgLu,,15.0,144.0,206.0,4.4,5.0,0.0,5.0,0.0
Epps1210,,2.0,22.0,34.0,8.0,0.0,0.0,0.0,0.0
ErikD,,18.0,174.0,275.0,7.87,1.0,1.0,2.0,10.0
EroKing_AS,"Mumbai, India",32.0,2097.0,2132.0,10.0,0.0,0.0,0.0,0.0
Ewentez,,7.0,120.0,214.0,4.73,2.0,1.0,6.0,0.0
FaRaMere,,11.0,804.0,1214.0,10.0,0.0,0.0,0.0,0.0
FallenDegenerate,"Delhi, India ",3.0,519.0,808.0,6.14,3.0,34.0,177.0,6.7
Farinha691,Portugal,27.0,458.0,905.0,8.97,2.0,15.0,18.0,9.73
Fayshall,,10.0,51.0,64.0,10.0,1.0,1.0,2.0,10.0
FelipeZell,,4.0,273.0,277.0,0.0,6.0,12.0,21.0,0.0
Felix-san,"Guarulhos, Brazil",3.0,570.0,795.0,6.88,112.0,146.0,757.0,7.03
FetterJude,,30.0,0.0,31.0,0.0,0.0,0.0,0.0,0.0
Findog,Finland,5.0,20.0,49.0,9.21,2.0,5.0,16.0,9.83
FireFalcon243,,16.0,87.0,154.0,7.98,9.0,0.0,10.0,8.2
Firekraken12,,5.0,9.0,28.0,0.0,0.0,2.0,2.0,0.0
FlakyS,,9.0,30.0,44.0,0.0,0.0,0.0,0.0,0.0
Fleeting_Dream,Zanarkand,1.0,173.0,266.0,6.51,1.0,5.0,9.0,7.2
FloodedArk,"London, England",1.0,27.0,28.0,6.0,0.0,0.0,0.0,0.0
Flowymcflowy,Tenerife,15.0,329.0,410.0,6.32,11.0,5.0,20.0,7.0
FlyingGlacier,"Sheffield, United Kingdom",4.0,66.0,210.0,7.85,6.0,2.0,23.0,8.0
Foldex,,3.0,521.0,795.0,0.0,0.0,0.0,0.0,0.0
Foo32,,5.0,323.0,404.0,6.57,12.0,53.0,69.0,7.39
Fox-sensei,Germany,1.0,97.0,220.0,0.0,11.0,24.0,55.0,0.0
Frafrufro,,80.0,25.0,112.0,8.04,0.0,0.0,0.0,0.0
Fran-ko,,28.0,366.0,493.0,9.25,8.0,15.0,24.0,8.0
Frederik322P,"Norderstedt, Germany",10.0,139.0,229.0,7.72,1.0,0.0,4.0,0.0
Friggy-chan,,1.0,58.0,148.0,8.19,3.0,3.0,8.0,9.0
FrothyKetchup,,2.0,8.0,18.0,0.0,0.0,0.0,0.0,0.0
Fumse,Denmark,3.0,163.0,453.0,7.94,3.0,0.0,87.0,9.5
Future_Legend,"Pu≈Çtusk, Poland",4.0,153.0,330.0,0.0,0.0,1.0,7.0,0.0
FxckThisShxt,,15.0,306.0,394.0,6.99,12.0,19.0,56.0,9.5
GABiiNHO,Miskolc,11.0,194.0,255.0,7.17,8.0,5.0,27.0,8.18
GRterze,Greece,27.0,298.0,375.0,8.47,1.0,0.0,1.0,0.0
Gabrielmrpaiva,,1.0,143.0,159.0,8.1,0.0,0.0,0.0,0.0
Gamper,Uranus,15.0,317.0,440.0,9.03,11.0,1.0,19.0,9.0
Gantri,,3.0,323.0,385.0,7.82,0.0,0.0,0.0,0.0
Gattolardo,,1.0,92.0,155.0,6.63,1.0,6.0,19.0,7.0
Gaziel,"Bahia ,Brasil",13.0,186.0,274.0,6.86,14.0,8.0,22.0,8.29
Geemo,,11.0,81.0,234.0,8.28,0.0,0.0,0.0,0.0
Gekijou,The everlasting kingdom of Nothingness,8.0,758.0,915.0,7.35,0.0,0.0,0.0,0.0
GenoStars,,1.0,133.0,620.0,7.05,0.0,0.0,0.0,0.0
GiGi39,,3.0,128.0,167.0,7.61,7.0,8.0,20.0,8.0
Gibber,,10.0,426.0,559.0,6.78,7.0,3.0,14.0,7.33
GigivraliGX,France 540,9.0,322.0,424.0,6.57,7.0,24.0,44.0,7.0
Gioglock,,200.0,406.0,841.0,0.0,124.0,58.0,189.0,0.0
GiovannaBestJojo,,2.0,371.0,556.0,5.89,0.0,0.0,0.0,0.0
GnarlyObito,,10.0,29.0,168.0,8.16,0.0,0.0,0.0,0.0
Gogontle_Hiro,,23.0,180.0,216.0,8.87,65.0,42.0,113.0,8.89
GoldenJumper,,5.0,41.0,106.0,6.83,1.0,2.0,4.0,8.5
GoofGod,,0.0,217.0,428.0,0.0,1.0,0.0,2.0,0.0
Gouste,,186.0,700.0,992.0,6.94,9.0,6.0,19.0,8.43
GranMeninon,,3.0,64.0,110.0,6.48,0.0,0.0,0.0,0.0
Grcia,,17.0,268.0,414.0,0.0,35.0,26.0,77.0,0.0
Green_Ghost,Malaysia,8.0,312.0,438.0,7.07,7.0,13.0,26.0,7.46
Greenpanda38,,3.0,25.0,33.0,8.56,1.0,0.0,1.0,0.0
Griffithgutsz,,22.0,414.0,450.0,6.14,1.0,2.0,4.0,9.0
Gromxa,,15.0,1.0,18.0,0.0,0.0,0.0,0.0,0.0
GrundleStuffer,,3.0,12.0,18.0,0.0,0.0,0.0,0.0,0.0
GunnerMedia,,2.0,5.0,49.0,9.25,0.0,0.0,0.0,0.0
Gusog,,5.0,2.0,9.0,0.0,0.0,0.0,0.0,0.0
Guxy,,7.0,31.0,56.0,0.0,0.0,2.0,2.0,0.0
Gyaradose,,2.0,223.0,356.0,7.62,0.0,2.0,3.0,8.5
Gyouten,,2.0,34.0,38.0,0.0,1.0,0.0,1.0,0.0
HangmanGleb,,30.0,159.0,445.0,7.93,30.0,31.0,81.0,9.67
Harry_j_harry,,0.0,83.0,83.0,6.64,1.0,0.0,1.0,10.0
Hassla,,5.0,135.0,540.0,7.71,35.0,7.0,73.0,7.6
Hayforis,,10.0,150.0,193.0,7.22,0.0,0.0,0.0,0.0
Heathcliff20,,8.0,239.0,402.0,7.3,3.0,1.0,6.0,8.0
HeetroNoft,,3.0,39.0,74.0,9.32,0.0,0.0,0.0,0.0
HereOh,,6.0,299.0,636.0,7.22,0.0,0.0,0.0,0.0
Hick336,,16.0,195.0,249.0,0.0,0.0,0.0,0.0,0.0
HidekiHitsugaya,,22.0,547.0,657.0,6.81,14.0,65.0,85.0,7.63
Hootsman,,0.0,158.0,159.0,8.09,0.0,2.0,2.0,8.0
Hoshidoru,"Tarragona,Spain",27.0,278.0,435.0,8.26,111.0,208.0,361.0,8.17
HugoTheBeast,,6.0,72.0,156.0,8.59,0.0,0.0,0.0,0.0
HyOreki,"S√£o Paulo, Brazil",9.0,201.0,333.0,7.33,13.0,3.0,40.0,7.48
HyoumaruBR,,6.0,48.0,101.0,0.0,9.0,6.0,54.0,7.67
IWatchIPlay,Romania,8.0,96.0,145.0,9.1,4.0,1.0,6.0,9.5
IamJemboy,"Toronto, Canada",12.0,337.0,736.0,8.09,33.0,3.0,60.0,8.8
IceBear310,Romania,15.0,64.0,197.0,7.57,6.0,8.0,39.0,8.17
Icewind1226,Minnesota,4.0,286.0,297.0,6.56,0.0,0.0,0.0,0.0
Igor_soares,,1.0,56.0,62.0,9.6,2.0,1.0,3.0,9.67
Ikare,,6.0,373.0,819.0,7.26,9.0,170.0,324.0,7.01
IkarugaSilvergun,,7.0,33.0,65.0,8.15,1.0,0.0,1.0,0.0
Ilyasacar,,17.0,364.0,499.0,7.67,92.0,19.0,146.0,7.59
ImElliee,Hawaii,30.0,335.0,837.0,6.79,16.0,5.0,174.0,8.0
ImURLink,"Nuevo Leon, M√©xico",33.0,926.0,1453.0,7.46,1.0,0.0,1.0,0.0
InSaiyan97,"Hamilton, New Jersey",1.0,140.0,191.0,7.62,1.0,17.0,26.0,7.89
InuDash,,20.0,265.0,474.0,7.4,26.0,17.0,75.0,7.95
IshidaShouya,,12.0,197.0,310.0,8.15,0.0,3.0,3.0,9.0
Itachi73,,6.0,12.0,36.0,7.0,0.0,0.0,0.0,0.0
ItsJustAName,,11.0,95.0,147.0,0.0,7.0,4.0,11.0,0.0
J0lly_Jump3r,"Vorarlberg, Austria",26.0,291.0,521.0,8.02,3.0,1.0,8.0,9.0
JASHINRYUU,In Your Heart,16.0,214.0,346.0,7.84,17.0,19.0,58.0,8.75
JESPERTAE,"Copenhagen, Denmark",12.0,488.0,652.0,8.28,5.0,13.0,19.0,10.0
JIGENN,"MS, Brazil",20.0,721.0,801.0,0.0,9.0,20.0,29.0,0.0
JULYOO,,9.0,0.0,9.0,0.0,0.0,0.0,0.0,0.0
Jaimin99,,0.0,0.0,9.0,0.0,0.0,0.0,0.0,0.0
James-LastOmnic,France,3.0,70.0,132.0,6.88,6.0,0.0,21.0,6.2
JanaDeCinderella,,45.0,496.0,708.0,7.2,3.0,6.0,10.0,9.0
Janna_Montana,,8.0,126.0,400.0,7.45,0.0,0.0,3.0,0.0
Janna_Montana,,8.0,126.0,400.0,7.45,0.0,0.0,3.0,0.0
Javian,,12.0,83.0,230.0,7.39,2.0,0.0,9.0,8.83
Javy_Akai,"Ordon, Hyrule",17.0,391.0,511.0,7.53,9.0,9.0,18.0,0.0
JaxJaxs,,11.0,352.0,375.0,7.69,1.0,0.0,2.0,9.5
Jayhard, Reality Marble ,14.0,281.0,445.0,7.69,15.0,283.0,558.0,7.4
Jean_Pierre,,0.0,3.0,79.0,0.0,0.0,0.0,0.0,0.0
Jeehoon,,7.0,63.0,116.0,7.71,1.0,0.0,1.0,0.0
Jef232232,,6.0,6.0,23.0,9.5,0.0,0.0,0.0,0.0
Jess11,,19.0,307.0,1982.0,6.99,9.0,11.0,99.0,8.8
JesusGiovanna,Italy,7.0,109.0,119.0,8.49,1.0,1.0,18.0,9.0
Jizjo,,7.0,159.0,312.0,7.62,1.0,3.0,4.0,8.75
Jonezki,,127.0,88.0,341.0,7.41,76.0,4.0,83.0,8.0
JonnyJo,,18.0,235.0,285.0,8.7,1.0,2.0,3.0,10.0
Josephshoute,,9.0,1.0,21.0,0.0,0.0,0.0,0.0,0.0
Juanderland,185,0.0,0.0,0.0,0.0,0.0,0.0,0.0,0.0
KG7,,6.0,53.0,78.0,7.7,0.0,0.0,0.0,0.0
KaanSins,"L√ºleburgaz, Kƒ±rklareli",6.0,321.0,437.0,7.45,24.0,30.0,71.0,7.8
Kadzio,,5.0,213.0,295.0,0.0,0.0,0.0,0.0,0.0
Kalessins,,33.0,143.0,218.0,7.58,3.0,0.0,3.0,9.0
Kamimashita,Hong Kong,9.0,103.0,229.0,6.88,13.0,4.0,27.0,7.92
Kamishoto,,16.0,171.0,877.0,6.71,1.0,2.0,3.0,4.0
Kanabrava2000,,8.0,133.0,155.0,7.66,60.0,30.0,110.0,8.26
KaouGln,,4.0,33.0,53.0,0.0,0.0,0.0,0.0,0.0
Karo_cchi,"Katowice, Poland",2.0,294.0,635.0,7.85,78.0,232.0,392.0,7.9
Kasi0807,Austria,21.0,507.0,720.0,5.77,4.0,9.0,63.0,0.0
Kaspers_,,37.0,202.0,269.0,8.45,0.0,0.0,0.0,0.0
Katie9240,,8.0,48.0,86.0,8.4,0.0,0.0,0.0,0.0
Kawaii_Kaiser,,5.0,2329.0,4821.0,6.44,24.0,41.0,149.0,8.0
Kaynan,,3.0,230.0,293.0,5.73,2.0,25.0,44.0,6.25
Kayozi,Bulgaria,26.0,91.0,269.0,9.95,0.0,0.0,3.0,0.0
Kazuki564,France,22.0,1093.0,1300.0,7.65,24.0,118.0,224.0,7.37
Kennno,,19.0,82.0,118.0,0.0,0.0,0.0,0.0,0.0
Kenny_Stryker,A Place Further Than The Universe,13.0,794.0,882.0,8.29,35.0,75.0,112.0,8.53
Kierah,Guwahati (India),2.0,105.0,159.0,7.32,11.0,55.0,102.0,6.89
Kigoli,,5.0,27.0,33.0,8.18,0.0,0.0,0.0,0.0
Killunyan,"Spain, Barcelona",11.0,396.0,498.0,6.51,6.0,14.0,30.0,7.28
KipsaKun,,4.0,8.0,15.0,8.5,0.0,0.0,0.0,0.0
KiritoRajin,Z√ºrich,26.0,152.0,283.0,7.68,4.0,5.0,12.0,8.25
KiroPlays,,1.0,9.0,12.0,0.0,0.0,0.0,0.0,0.0
Kitsune401,,50.0,361.0,563.0,9.6,6.0,4.0,16.0,0.0
Kiyoraka_Ken,,292.0,534.0,875.0,7.36,6.0,71.0,78.0,7.15
Kllev,,0.0,42.0,62.0,7.85,0.0,0.0,0.0,0.0
Kochisenpai,"Mogi das Cruzes, S√£o Paulo, Brasil",17.0,116.0,182.0,8.8,1.0,1.0,2.0,9.5
KokoaTsundere,,0.0,2.0,3.0,7.67,0.0,0.0,0.0,0.0
Konakana,,6.0,418.0,1288.0,10.0,11.0,58.0,380.0,0.0
KrawatXP2003,"New Delhi, India",1.0,105.0,120.0,8.16,1.0,1.0,6.0,6.0
KrazyyX,,1.0,139.0,142.0,10.0,0.0,0.0,0.0,0.0
Kreachers,,9.0,125.0,175.0,8.36,10.0,2.0,22.0,9.29
Krosgami,,2.0,200.0,313.0,10.0,26.0,18.0,79.0,0.0
Kumikou,"Tbilisi, Georgia",2.0,58.0,121.0,9.34,2.0,0.0,5.0,10.0
KyootoDC,,9.0,409.0,568.0,7.21,17.0,15.0,34.0,7.89
Kyron_012,,8.0,98.0,147.0,8.37,0.0,0.0,0.0,0.0
LEO5555,,9.0,230.0,376.0,5.65,11.0,3.0,77.0,0.0
LMCRX,"Derby, Draycott ",19.0,210.0,314.0,8.22,5.0,6.0,13.0,8.82
LaevaZeinn,,12.0,360.0,412.0,8.09,3.0,1.0,4.0,8.25
Lalo_Mc,,37.0,629.0,1584.0,9.92,28.0,5.0,213.0,10.0
Lam3nia,,0.0,242.0,341.0,6.04,10.0,37.0,91.0,0.0
LampsNo8,England,4.0,50.0,95.0,8.15,2.0,0.0,2.0,9.0
Land,Gda≈Ñsk,82.0,2246.0,2459.0,7.59,908.0,218.0,1127.0,7.7
Langolyer,"Ukraine, Kharkiv",10.0,544.0,652.0,6.63,26.0,109.0,197.0,7.4
Last00,,0.0,63.0,63.0,0.0,0.0,0.0,0.0,0.0
Lauchaks18,üá¶üá∑,4.0,23.0,371.0,7.21,13.0,14.0,142.0,7.64
Laxus_Uchiha,,22.0,84.0,314.0,6.8,0.0,0.0,0.0,0.0
Lazaroa1,,23.0,216.0,423.0,7.97,11.0,1.0,39.0,7.83
LeON2451,,14.0,32.0,61.0,0.0,0.0,0.0,0.0,0.0
LeWebdelaTaxaia,,13.0,477.0,1008.0,5.75,6.0,3.0,21.0,0.0
Leeoh,"Diadema, S√£o Paulo, Brazil",12.0,114.0,376.0,6.62,5.0,5.0,29.0,7.85
LeoDN,,32.0,65.0,110.0,7.0,0.0,0.0,0.0,0.0
Leon7957,,12.0,124.0,204.0,6.73,13.0,12.0,36.0,6.5
Leoners,,6.0,595.0,675.0,8.94,0.0,0.0,0.0,0.0
LetoLior,,7.0,63.0,91.0,8.35,6.0,2.0,19.0,8.63
Leucio,Maine,5.0,190.0,604.0,9.04,0.0,0.0,0.0,0.0
Levy-,,6.0,98.0,220.0,5.94,3.0,2.0,11.0,0.0
Lexar151-,,71.0,267.0,614.0,7.84,0.0,0.0,6.0,0.0
LiL__Sleep__,,3.0,108.0,314.0,10.0,0.0,0.0,0.0,0.0
LightBestGirl,,8.0,111.0,140.0,7.27,12.0,11.0,23.0,8.61
Light_Lelouch,,22.0,392.0,735.0,7.22,14.0,5.0,31.0,9.8
Liilyth,"Cluj-Napoca, Romania",17.0,946.0,1047.0,9.32,2.0,31.0,35.0,0.0
Lin159,,10.0,77.0,226.0,8.72,20.0,9.0,38.0,9.0
Locknload_99,,18.0,36.0,131.0,7.88,0.0,0.0,0.0,0.0
LolitsRetro,,70.0,66.0,569.0,9.39,9.0,0.0,60.0,0.0
Lomsikka,"Tbilisi, Georgia",5.0,279.0,1064.0,7.14,8.0,30.0,248.0,7.35
LordRukario,,54.0,1464.0,1571.0,7.69,0.0,4.0,4.0,9.0
LordSnorlaxy,,3.0,43.0,68.0,8.58,0.0,0.0,0.0,0.0
Lorea0212,,6.0,26.0,49.0,8.21,0.0,0.0,1.0,0.0
Lostvaynet,,15.0,365.0,443.0,6.08,41.0,90.0,160.0,10.0
Lssd,,10.0,268.0,339.0,6.04,5.0,19.0,35.0,7.38
LuCQz,"Iju√≠, RS",17.0,140.0,414.0,6.64,13.0,26.0,85.0,7.1
LucasVinicius,Ponta Grossa/Paran√°,7.0,294.0,454.0,5.9,8.0,71.0,174.0,6.01
Lucaslls,,1.0,16.0,19.0,0.0,1.0,0.0,4.0,0.0
LuiComics,,4.0,147.0,153.0,7.19,0.0,0.0,1.0,0.0
LuiXxxLP,,10.0,35.0,101.0,0.0,0.0,0.0,0.0,0.0
Luiz_AGS,,3.0,61.0,77.0,6.72,0.0,0.0,0.0,0.0
Luki-sama,,7.0,312.0,359.0,6.93,0.0,0.0,0.0,0.0
Lummy,Portugal,16.0,1178.0,2105.0,7.56,6.0,23.0,38.0,7.24
Luthzipan,,110.0,8.0,120.0,6.0,4.0,0.0,4.0,0.0
LuxArcadia13,,3.0,160.0,244.0,8.55,14.0,24.0,102.0,8.79
MAURO_JUNIOR,"S√£o Paulo, Brasil",6.0,318.0,602.0,7.66,10.0,9.0,78.0,8.6
MadHat,,20.0,66.0,107.0,0.0,0.0,0.0,0.0,0.0
Majage,,31.0,30.0,266.0,10.0,2.0,0.0,8.0,0.0
Majdgh6,,4.0,0.0,4.0,0.0,0.0,0.0,0.0,0.0
MakiRuby,"Penang, Malaysia ",42.0,732.0,945.0,8.07,47.0,35.0,84.0,0.0
Malacay,,1.0,38.0,62.0,7.16,0.0,0.0,1.0,0.0
Mamokaru,North,0.0,102.0,102.0,6.8,0.0,0.0,0.0,0.0
Maou961,Orissa,8.0,173.0,279.0,8.12,5.0,2.0,37.0,8.57
MarcBionicle,"Barcelona, Spain",18.0,547.0,824.0,7.8,20.0,4.0,39.0,8.25
Marius10,,24.0,92.0,831.0,8.32,7.0,2.0,939.0,9.33
MartenzGamer,,12.0,82.0,114.0,0.0,0.0,0.0,0.0,0.0
MartusiaLi,,3.0,9.0,19.0,7.33,0.0,0.0,0.0,0.0
MarvinVincit,,10.0,434.0,474.0,7.09,0.0,0.0,0.0,0.0
Matesword1,"Toronto, Ontario",27.0,896.0,1385.0,6.74,327.0,86.0,543.0,6.94
Math_Lobato,"Manaus, Amazonas",29.0,69.0,163.0,8.33,3.0,0.0,4.0,10.0
Mathias_Ferreira,,97.0,426.0,680.0,5.57,18.0,14.0,36.0,5.6
Matifcd,"Mendoza, Argentina",7.0,136.0,336.0,7.62,9.0,19.0,113.0,8.04
MauricioPolvora,,10.0,230.0,353.0,7.77,14.0,14.0,36.0,8.58
McShwick,Texas,10.0,298.0,426.0,6.68,1.0,1.0,3.0,7.0
Meivc,,14.0,58.0,79.0,0.0,0.0,0.0,1.0,0.0
Mekoro,,17.0,182.0,261.0,8.31,4.0,7.0,11.0,9.78
Melio_67,,10.0,150.0,176.0,10.0,2.0,0.0,2.0,0.0
Memmuutttt123,,8.0,40.0,54.0,6.64,0.0,0.0,0.0,0.0
Menewen,canada,2.0,247.0,527.0,7.53,0.0,2.0,5.0,8.0
Mercuriously,,4.0,124.0,180.0,9.55,0.0,0.0,0.0,0.0
Mesacboy,England,17.0,439.0,862.0,7.64,1.0,2.0,47.0,7.64
Mevoser,Istanbul/Turkey,11.0,293.0,483.0,5.41,18.0,11.0,77.0,7.82
MidDrift,,1.0,182.0,251.0,8.17,0.0,0.0,0.0,0.0
Mika_sensei,"Porto , Portugal",14.0,551.0,884.0,6.73,52.0,113.0,370.0,6.67
MiloViper,,4.0,158.0,443.0,6.32,4.0,1.0,14.0,8.75
Mimidou,Rennes France,21.0,367.0,684.0,7.15,97.0,22.0,174.0,7.5
MinatoShoyo,,11.0,31.0,80.0,7.91,0.0,0.0,1.0,0.0
Mini-meggie,,3.0,88.0,132.0,7.83,5.0,23.0,46.0,8.0
Mininair,,10.0,37.0,71.0,9.36,0.0,0.0,0.0,0.0
MistBear,,16.0,181.0,284.0,8.36,0.0,0.0,0.0,0.0
Miwamy,Brasil,11.0,205.0,525.0,6.68,18.0,7.0,136.0,7.82
MonGerman,,9.0,163.0,258.0,9.0,3.0,1.0,8.0,0.0
Moneeb29,"Zarqa, Jordan",33.0,442.0,570.0,7.9,0.0,0.0,0.0,0.0
MrDaemon,,4.0,71.0,425.0,7.78,4.0,2.0,8.0,5.0
MrGamealot,8a53201c355e7e4b2ec6609628e26997,26.0,172.0,345.0,7.13,8.0,1.0,9.0,8.6
MrLixoso,Brazil,14.0,123.0,185.0,6.7,3.0,3.0,7.0,9.0
MrMelon03,Norway,7.0,183.0,858.0,6.82,7.0,1.0,26.0,8.0
MrWhimat,Poland,22.0,735.0,1527.0,6.61,3.0,0.0,29.0,7.0
Mr_Frai,Moscow/Munich/Amatciems,4.0,316.0,719.0,8.06,1.0,3.0,22.0,9.33
Mrally,,4.0,249.0,293.0,7.03,2.0,2.0,4.0,9.5
Mrjb7,,7.0,55.0,91.0,5.84,0.0,0.0,0.0,0.0
MunOkami,,25.0,453.0,489.0,0.0,0.0,0.0,0.0,0.0
MuneRoons,,3.0,21.0,27.0,8.0,4.0,0.0,4.0,7.33
Munkynutz,,17.0,169.0,247.0,8.59,0.0,0.0,0.0,0.0
Mushiro,Bulgaria,10.0,1701.0,1905.0,7.07,142.0,665.0,855.0,7.16
N-10,,0.0,253.0,300.0,10.0,190.0,85.0,371.0,10.0
Naitsuki,"M√°laga, Spain",32.0,967.0,1726.0,7.7,14.0,6.0,87.0,9.33
Naostrike,,2.0,46.0,207.0,8.78,1.0,0.0,1.0,10.0
Naoto14,,131.0,385.0,732.0,7.94,20.0,52.0,99.0,7.93
Nappyuwu,,15.0,69.0,199.0,9.4,10.0,2.0,27.0,9.0
Narga005,,0.0,169.0,193.0,8.17,0.0,0.0,0.0,0.0
NarutoUzu67,,7.0,65.0,112.0,9.58,0.0,1.0,1.0,0.0
NatoGamerTV,,2.0,29.0,41.0,8.2,1.0,0.0,1.0,10.0
Navarogs,"Wittersdorf, France",19.0,156.0,471.0,8.27,10.0,2.0,34.0,0.0
Nemer-M-A-S,Brasil ,14.0,161.0,216.0,6.7,7.0,0.0,7.0,8.0
NevOzSama,,8.0,79.0,179.0,8.27,0.0,1.0,3.0,0.0
Nexow,,12.0,98.0,190.0,8.31,0.0,1.0,1.0,9.0
NflickyOVO,,6.0,6.0,17.0,0.0,0.0,0.0,0.0,0.0
Ngt_12,,9.0,100.0,215.0,8.5,12.0,7.0,54.0,9.0
Nibormik,,11.0,69.0,171.0,8.38,1.0,0.0,1.0,8.0
Nick_le_viking,,1.0,70.0,99.0,7.63,0.0,0.0,0.0,0.0
NieHao,"Rio Verde, Goias",22.0,301.0,687.0,5.9,10.0,32.0,46.0,7.49
Nightlightz24884,California ,57.0,92.0,243.0,7.86,55.0,16.0,112.0,8.2
NikorasuX7,,16.0,765.0,795.0,5.89,92.0,135.0,257.0,7.03
Nimbass,Belgium,0.0,34.0,41.0,8.75,0.0,0.0,0.0,0.0
Nirgranth_Shah,,19.0,191.0,938.0,6.36,1.0,0.0,2.0,9.0
Nithin2048,,8.0,73.0,121.0,8.31,0.0,0.0,0.0,0.0
Noacidi,,6.0,164.0,245.0,0.0,115.0,12.0,128.0,0.0
Nora42,,12.0,88.0,128.0,7.81,6.0,4.0,12.0,8.71
Not_Strange,,16.0,116.0,229.0,7.93,3.0,0.0,5.0,8.5
NotoriousBoog,,2.0,17.0,59.0,8.81,0.0,0.0,0.0,0.0
Noy090,,29.0,181.0,394.0,7.03,18.0,19.0,107.0,7.74
NuTcaSe2108,My Room,20.0,292.0,475.0,7.37,4.0,3.0,12.0,9.71
NuiThePui,,4.0,18.0,30.0,8.6,0.0,0.0,0.0,0.0
Nyan_Hooopye,,26.0,274.0,377.0,4.91,1.0,1.0,9.0,7.5
Nyterfly,,2.0,12.0,16.0,0.0,1.0,0.0,1.0,0.0
Obstagoons,,1.0,77.0,150.0,6.74,0.0,0.0,0.0,0.0
Oga011,,13.0,419.0,559.0,6.99,27.0,37.0,96.0,7.91
OhZmAnnLP,,0.0,57.0,62.0,8.9,0.0,0.0,0.0,0.0
OneNade,,21.0,214.0,343.0,0.0,3.0,0.0,3.0,0.0
Oscarblok,Norway,3.0,65.0,186.0,8.38,2.0,0.0,6.0,9.0
OtakuPTR,"Bielsk Podlaski, Poland",9.0,1090.0,1138.0,7.56,18.0,128.0,182.0,7.79
P-Ear,,1.0,26.0,70.0,7.21,0.0,0.0,0.0,0.0
PP_529,,214.0,105.0,324.0,10.0,1.0,0.0,1.0,0.0
PackerPucker,,4.0,189.0,206.0,6.64,4.0,5.0,11.0,7.86
Pandora_II,,7.0,70.0,95.0,6.6,0.0,0.0,1.0,0.0
Panku,USA,6.0,401.0,447.0,6.34,6.0,25.0,55.0,6.28
Pansyman8,,1.0,35.0,55.0,8.2,0.0,0.0,0.0,0.0
Parpolgeodac16,,1.0,17.0,38.0,8.43,1.0,0.0,1.0,0.0
Patiti,,7.0,78.0,217.0,0.0,0.0,1.0,3.0,0.0
Pedobaka,Somewhere in the North of Italy,2.0,158.0,221.0,8.41,3.0,60.0,133.0,8.38
Peroroncino-sama,Milano,16.0,293.0,697.0,7.83,0.0,0.0,0.0,0.0
Phantom167,Indonesia,8.0,871.0,1110.0,8.1,97.0,34.0,196.0,7.91
PhilNP,"Mannheim, Germany",14.0,147.0,399.0,8.19,7.0,1.0,14.0,8.0
Phillip-san_22,"Po√°, S√£o Paulo, Brasil",4.0,55.0,435.0,7.79,4.0,4.0,24.0,7.6
PhoenixLegend,,2.0,140.0,343.0,7.7,2.0,0.0,13.0,10.0
PickledVegetable,,4.0,5.0,51.0,8.2,3.0,5.0,26.0,8.2
Pilosella,,0.0,298.0,303.0,0.0,3.0,132.0,155.0,6.05
Pixxz,,36.0,175.0,290.0,7.84,32.0,170.0,205.0,7.72
Pluto_Plasma,,17.0,119.0,166.0,10.0,2.0,1.0,4.0,0.0
PoluZ,,8.0,96.0,137.0,7.95,0.0,0.0,0.0,0.0
Popa-kawaii,,6.0,61.0,218.0,7.84,0.0,0.0,0.0,0.0
Poppo,Italy,4.0,149.0,204.0,0.0,8.0,1.0,10.0,0.0
Port-Chrome,,16.0,91.0,265.0,7.05,12.0,6.0,43.0,7.44
Post1337,,10.0,155.0,236.0,8.89,0.0,0.0,0.0,0.0
Prewji,,3.0,60.0,76.0,8.45,0.0,0.0,0.0,0.0
Pri3m,,5.0,128.0,177.0,7.75,2.0,4.0,7.0,7.25
PrinzLight,,61.0,119.0,235.0,8.12,0.0,0.0,0.0,0.0
PrinzessinPanda,Germany,8.0,244.0,353.0,7.86,0.0,0.0,0.0,0.0
Professor_Lee,United Kingdom,12.0,412.0,884.0,7.09,3.0,0.0,23.0,9.5
Prophet--,,1.0,14.0,35.0,9.33,0.0,0.0,0.0,0.0
Psychorx,,0.0,0.0,0.0,0.0,0.0,0.0,0.0,0.0
Pulchroxloom,Texas,7.0,84.0,126.0,6.13,0.0,0.0,2.0,0.0
PumpkinDuke,,6.0,78.0,107.0,7.76,1.0,0.0,1.0,0.0
Pyr0,Inhumanly cold place,64.0,540.0,998.0,7.18,86.0,52.0,223.0,7.47
Q9_,,4.0,45.0,51.0,7.06,0.0,0.0,0.0,0.0
Qerat,,5.0,62.0,137.0,9.0,2.0,0.0,3.0,0.0
QuackRay,"World, In a pond",17.0,344.0,632.0,8.06,6.0,1.0,19.0,9.0
Querax,,7.0,50.0,64.0,8.32,2.0,0.0,2.0,0.0
R1eZ,"G√∂d, Hungary",17.0,354.0,464.0,10.0,4.0,14.0,35.0,10.0
Rae_Sang,,14.0,307.0,830.0,7.6,3.0,0.0,6.0,9.0
Raihyo,,7.0,81.0,112.0,8.3,0.0,1.0,2.0,8.5
Randluf,,34.0,226.0,422.0,7.52,1.0,0.0,3.0,9.0
Ranima,Yoshi City,14.0,64.0,193.0,7.91,11.0,2.0,37.0,7.75
Ravnuz,,15.0,126.0,240.0,10.0,0.0,0.0,0.0,0.0
Razorshy,"New Delhi, India",40.0,85.0,798.0,6.82,15.0,31.0,279.0,7.0
RedTinger,,53.0,131.0,204.0,8.88,0.0,1.0,1.0,10.0
Reyson2706,,11.0,32.0,43.0,9.0,0.0,0.0,0.0,0.0
Richardeca86b0e7,,10.0,132.0,177.0,0.0,0.0,0.0,1.0,0.0
Richterle,,3.0,15.0,27.0,8.2,0.0,0.0,0.0,0.0
Rick0RangerXD,,5.0,149.0,765.0,7.7,9.0,0.0,9.0,10.0
Rino88,Russia/Korolev,0.0,104.0,136.0,0.0,0.0,0.0,2.0,0.0
Rishabh75,,11.0,98.0,133.0,7.15,0.0,0.0,0.0,0.0
Ritinal,,9.0,142.0,358.0,6.45,18.0,2.0,43.0,7.53
Rocketboy_227,,1.0,52.0,63.0,7.47,0.0,0.0,0.0,0.0
RogueCitizen64,"Guwahati, India",1.0,182.0,196.0,0.0,14.0,17.0,33.0,0.0
Rolsk,,9.0,52.0,177.0,8.57,5.0,0.0,9.0,9.0
Rootaku,"Romania,Bucuresti",31.0,1580.0,1959.0,7.27,34.0,22.0,76.0,8.43
Rose-Qozoqa,,19.0,369.0,502.0,7.6,6.0,7.0,17.0,8.85
RuBiXuitous,Head in the Clouds,11.0,487.0,784.0,6.98,51.0,85.0,387.0,7.57
Rucien,,10.0,540.0,550.0,8.4,2.0,16.0,18.0,10.0
Rudorufudesu,,0.0,1.0,1.0,10.0,0.0,0.0,0.0,0.0
Rustless,,2.0,283.0,289.0,7.12,0.0,0.0,0.0,0.0
Rynia,,6.0,543.0,909.0,7.63,2.0,49.0,136.0,5.96
Ryuk98,,3.0,20.0,51.0,8.86,5.0,4.0,55.0,8.2
S3RG1N,Pernambuco - Brazil,20.0,152.0,216.0,6.91,4.0,1.0,5.0,9.0
SLss,,27.0,380.0,739.0,8.61,111.0,25.0,167.0,8.33
SRFahim,,4.0,1.0,9.0,0.0,0.0,0.0,0.0,0.0
SSJEliseo,,28.0,262.0,290.0,0.0,0.0,0.0,0.0,0.0
SSTchock,"Paris, France",5.0,266.0,456.0,7.85,22.0,23.0,98.0,7.88
SVito,,7.0,61.0,158.0,8.21,0.0,0.0,0.0,0.0
Sable_Rose,Earth,4.0,133.0,151.0,2.0,1.0,10.0,11.0,10.0
Sagan25,,2.0,9.0,18.0,9.25,2.0,6.0,9.0,7.5
SaikiKun,,7.0,473.0,718.0,6.57,0.0,48.0,133.0,7.16
Sajnoc,"Panƒçevo, Serbia",7.0,163.0,362.0,5.6,4.0,18.0,140.0,7.79
Saladlegs,anime,11.0,336.0,571.0,6.41,24.0,48.0,140.0,7.38
Saljin,Germany,118.0,885.0,1451.0,5.88,1.0,3.0,212.0,6.8
SaltyMusicGuy,"Espinho, Portugal",6.0,297.0,2704.0,7.21,8.0,0.0,807.0,7.67
Salty_Reigen,,5.0,118.0,123.0,8.24,0.0,0.0,0.0,0.0
Samsspace,,3.0,8.0,14.0,7.13,0.0,0.0,0.0,0.0
Sapiuter,Universo 7,45.0,195.0,424.0,7.33,21.0,6.0,49.0,9.33
Sara_anime,,4.0,175.0,1056.0,7.74,26.0,12.0,58.0,8.9
SasiDaniele,,8.0,577.0,643.0,7.34,25.0,57.0,92.0,8.0
Sat13,Saint-Petersburg,9.0,701.0,2533.0,7.38,5.0,9.0,192.0,8.46
Saulhdzm,,15.0,193.0,241.0,8.01,11.0,9.0,29.0,8.43
Scarlett1305,,7.0,230.0,297.0,7.38,19.0,6.0,26.0,8.76
Schneeze,,7.0,26.0,38.0,8.33,11.0,24.0,36.0,8.05
Schurge,,11.0,168.0,652.0,7.73,6.0,1.0,12.0,8.45
Scoko217,,10.0,108.0,217.0,8.46,1.0,0.0,1.0,0.0
Scottish_Goku,,6.0,10.0,126.0,7.35,7.0,1.0,20.0,7.64
Scrumplex,"Herten, Germany",1.0,18.0,61.0,7.95,0.0,0.0,0.0,0.0
Seanbr,,4.0,61.0,111.0,6.8,0.0,0.0,0.0,0.0
Sebasuchan12,Romania,6.0,1434.0,1625.0,6.93,6.0,39.0,45.0,7.65
Sevealz,The Netherlands,5.0,16.0,33.0,8.77,5.0,0.0,5.0,9.0
Sh4rky_Style,"Lecco, Italy",21.0,255.0,722.0,8.33,1.0,2.0,3.0,8.5
ShadyGiraffe,,0.0,0.0,0.0,0.0,0.0,0.0,7.0,0.0
Shara_the_weeb,,4.0,7.0,33.0,9.0,0.0,0.0,0.0,0.0
Shazam0285,CA,7.0,1447.0,1497.0,7.24,3.0,11.0,15.0,7.4
ShifuTheDoom,,5.0,7.0,30.0,7.86,0.0,0.0,0.0,0.0
Shirogia,"Paran√°, Brasil ",18.0,295.0,444.0,7.39,13.0,17.0,52.0,7.26
SilentStorm657,,19.0,158.0,363.0,8.1,0.0,1.0,1.0,9.0
SilverFish21,Szczecin ,3.0,45.0,57.0,7.89,16.0,4.0,20.0,7.2
Simon_Ronval,,4.0,23.0,59.0,8.89,0.0,0.0,0.0,0.0
SinbadMBB,Alta Floresta - MT - Brasil ,31.0,565.0,605.0,7.81,359.0,627.0,1029.0,7.32
Sinou,,7.0,149.0,178.0,10.0,2.0,2.0,4.0,9.25
SirenFlame,,3.0,25.0,32.0,7.17,2.0,4.0,7.0,8.0
Skeleten,,10.0,107.0,142.0,7.73,23.0,6.0,35.0,7.86
Sleaser,,1.0,70.0,73.0,0.0,0.0,0.0,0.0,0.0
SlimJimDrums,Shadow Realm,13.0,47.0,173.0,7.05,0.0,0.0,11.0,0.0
Slub77,,7.0,99.0,118.0,7.35,0.0,0.0,0.0,0.0
Smile9937,,19.0,66.0,103.0,0.0,0.0,0.0,0.0,0.0
Snaggletooth,,10.0,261.0,362.0,7.73,0.0,0.0,0.0,0.0
SnailMail62,,5.0,55.0,98.0,8.0,0.0,0.0,0.0,0.0
SneakyGR,584,30.0,167.0,265.0,7.35,1.0,0.0,1.0,0.0
Soauwu,,2.0,146.0,238.0,7.6,0.0,39.0,76.0,7.95
Solange9,Brazil,1.0,5.0,6.0,8.8,0.0,0.0,0.0,0.0
Son_Gokuu_,"Villongo, Bergamo, Italy",14.0,75.0,122.0,8.01,0.0,0.0,0.0,0.0
SouperMister,Pennsylvania,1.0,257.0,284.0,6.52,13.0,13.0,35.0,7.46
Spiritless,"Chile, Concepci√≥n",2.0,188.0,348.0,7.35,97.0,381.0,649.0,7.24
SrVerataro,,17.0,155.0,282.0,7.16,9.0,9.0,27.0,9.4
Storwal2,,6.0,211.0,269.0,8.08,15.0,15.0,39.0,8.41
Su8Su8,,1.0,195.0,216.0,7.74,1.0,7.0,53.0,7.63
Sugarbytes,,3.0,10.0,25.0,8.43,0.0,0.0,2.0,0.0
SuitonSekai,Seven Hells,11.0,367.0,515.0,5.5,6.0,10.0,47.0,6.43
Supthomas08,,5.0,165.0,197.0,7.13,2.0,1.0,3.0,0.0
Suzen,,35.0,58.0,133.0,9.94,0.0,0.0,0.0,0.0
Svianc,West Java,10.0,117.0,170.0,8.2,2.0,0.0,4.0,0.0
SwaggerBae,"British Columbia, Canada",4.0,289.0,765.0,6.53,11.0,6.0,167.0,6.5
Swarleyman,,5.0,355.0,387.0,9.0,0.0,0.0,0.0,0.0
Sylsko,fbb848d76e70f69cfa1a56c992bbcef8,10.0,178.0,240.0,7.29,0.0,3.0,5.0,8.4
Taburetkin,,1.0,25.0,62.0,7.76,0.0,2.0,2.0,7.0
TacticalKnight,"Alert, Nunavut üçÅ",5.0,141.0,327.0,7.91,16.0,137.0,643.0,6.5
Takkkun,Brazil,10.0,245.0,317.0,9.12,23.0,9.0,35.0,9.7
Tamii7,,37.0,262.0,370.0,0.0,33.0,21.0,57.0,0.0
TashaGodspell94,,20.0,841.0,1117.0,7.41,37.0,7.0,76.0,8.13
TayKay,Italy,7.0,386.0,548.0,6.87,5.0,5.0,130.0,6.8
TechRaft,,21.0,178.0,757.0,0.0,0.0,0.0,0.0,0.0
Thallysson,New Wolrd,54.0,213.0,409.0,6.64,8.0,1.0,14.0,9.4
ThatNoobThere,,6.0,67.0,74.0,7.57,0.0,0.0,0.0,0.0
ThatRyujin,Czech Republic,3.0,153.0,211.0,7.47,1.0,1.0,7.0,10.0
TheBlueDevil,,8.0,109.0,360.0,10.0,2.0,5.0,18.0,10.0
TheRingMaster51,,11.0,50.0,64.0,7.64,1.0,0.0,1.0,0.0
TheUchihaBlood,,3.0,16.0,43.0,0.0,0.0,0.0,0.0,0.0
The_Hellion,,3.0,22.0,36.0,8.09,0.0,0.0,0.0,0.0
The_black_shadow,"Florence, Italy",17.0,608.0,752.0,7.47,11.0,2.0,19.0,0.0
ThriftyShark,Bermuda,4.0,385.0,459.0,8.12,4.0,3.0,7.0,8.14
ThundBlack002,"Rio de Janeiro, Brazil",28.0,148.0,426.0,6.86,5.0,1.0,74.0,8.67
Tiana_K,,5.0,165.0,476.0,8.0,2.0,1.0,28.0,0.0
TiltadoKrl,,14.0,70.0,111.0,5.92,0.0,0.0,0.0,0.0
Timar,Germany,5.0,110.0,483.0,7.51,1.0,0.0,1.0,0.0
TitanGamer036,,12.0,55.0,89.0,7.41,0.0,0.0,0.0,0.0
TitanTaz54,,9.0,35.0,77.0,8.51,0.0,0.0,0.0,0.0
Tkradoriscar,"Hidden Leaf, GA",22.0,351.0,401.0,6.93,0.0,0.0,0.0,0.0
ToRy112,"Calarasi, Romania",23.0,239.0,403.0,7.16,1.0,0.0,2.0,10.0
Tole04,,3.0,25.0,35.0,7.9,0.0,0.0,0.0,0.0
Tom_Chien,,0.0,43.0,43.0,7.37,18.0,244.0,262.0,7.31
Tomm01p,,6.0,308.0,480.0,5.83,12.0,21.0,87.0,5.56
Tomo-san7,"Winchester, England",184.0,146.0,629.0,8.69,19.0,6.0,74.0,8.5
Toonie220,,6.0,124.0,194.0,8.35,2.0,2.0,5.0,9.33
Torrancee_,,5.0,38.0,63.0,7.42,2.0,0.0,7.0,0.0
Totechri,,6.0,35.0,81.0,0.0,3.0,0.0,3.0,0.0
Totya,,8.0,297.0,329.0,8.69,1.0,2.0,3.0,9.0
Tunnelrat47,,18.0,129.0,183.0,7.72,69.0,54.0,166.0,7.27
TurboFingerz,,34.0,163.0,251.0,8.92,15.0,1.0,16.0,9.8
Turbo_Buster,,14.0,116.0,271.0,8.97,3.0,2.0,12.0,10.0
UberScrub,,0.0,77.0,79.0,8.83,0.0,0.0,0.0,0.0
Uchiha_Cabir,,5.0,79.0,305.0,8.1,0.0,0.0,13.0,9.0
UltimaWeaponEX,,4.0,544.0,2213.0,7.66,14.0,43.0,179.0,7.86
UmataldeKukki,,9.0,52.0,180.0,7.27,0.0,0.0,0.0,0.0
Unzareh,"Ottawa, Ontario",11.0,271.0,377.0,6.71,43.0,31.0,127.0,6.66
Ur-mom-gay,,18.0,186.0,206.0,8.29,3.0,0.0,3.0,10.0
Ustar,Hinamizawa,11.0,131.0,414.0,7.91,3.0,3.0,10.0,8.67
Uvogin2298,,1.0,0.0,1.0,6.0,0.0,0.0,0.0,0.0
V1ni-San,Maca√©,4.0,38.0,76.0,8.03,3.0,0.0,6.0,10.0
VGNoxious,,7.0,59.0,95.0,8.14,1.0,2.0,4.0,8.5
VRM,,26.0,452.0,840.0,6.7,2.0,10.0,30.0,7.6
Vacu0us,United Kingdom,18.0,827.0,1163.0,6.18,44.0,62.0,235.0,7.04
Valazhark,,0.0,0.0,0.0,0.0,0.0,0.0,0.0,0.0
VampiFullbuster5,,21.0,92.0,254.0,8.39,5.0,1.0,7.0,10.0
Vcelin,Slovakia,2.0,35.0,67.0,8.6,3.0,0.0,3.0,0.0
Victoriqu_e,,95.0,67.0,521.0,8.0,29.0,0.0,57.0,0.0
Vinnycius007,,12.0,198.0,243.0,7.63,5.0,0.0,6.0,9.0
Vitei,"Federal District, Brazil",10.0,90.0,113.0,6.51,2.0,10.0,13.0,7.77
Vixani,,9.0,290.0,561.0,8.3,6.0,23.0,60.0,9.0
Vizhir,,13.0,245.0,369.0,6.5,96.0,33.0,150.0,0.0
Vizioz,France842,35.0,2775.0,4002.0,4.95,379.0,902.0,2013.0,5.48
VoltaicCrowd,,1.0,0.0,1.0,0.0,0.0,0.0,0.0,0.0
Wallaceiced,,5.0,8.0,15.0,7.63,0.0,0.0,0.0,0.0
Wanfan,,10.0,72.0,120.0,8.25,0.0,0.0,0.0,0.0
WastelandOasis,,20.0,98.0,240.0,8.15,0.0,0.0,1.0,0.0
Weeb550,,23.0,328.0,655.0,0.0,16.0,5.0,59.0,0.0
WiNGtAcK,"Germany, 489",5.0,162.0,393.0,8.09,0.0,0.0,2.0,0.0
WolfIsTaken,,68.0,189.0,486.0,8.6,0.0,0.0,2.0,0.0
Wolfpl,,10.0,64.0,104.0,8.17,0.0,2.0,3.0,0.0
Wouter12212,,4.0,12.0,29.0,0.0,0.0,0.0,0.0,0.0
XTenshii_,Netherlands,14.0,160.0,306.0,7.59,0.0,3.0,3.0,8.0
Xaiovenna,,20.0,358.0,617.0,0.0,16.0,17.0,35.0,0.0
Xapy,,5.0,255.0,295.0,6.74,3.0,25.0,28.0,6.56
Xemur,,7.0,59.0,83.0,0.0,6.0,1.0,7.0,0.0
Xenovia2505,,8.0,189.0,380.0,6.85,0.0,0.0,0.0,0.0
Xidomas,"Vilnius, Lithuania",4.0,362.0,606.0,7.0,18.0,21.0,52.0,0.0
XoryantHD,,11.0,72.0,223.0,8.27,1.0,1.0,2.0,8.0
XtriiZ,,46.0,542.0,795.0,9.99,0.0,0.0,0.0,0.0
Xxx_Bryan_kill,,9.0,149.0,176.0,10.0,0.0,0.0,0.0,0.0
Yaboialex01,,20.0,209.0,534.0,10.0,0.0,0.0,1.0,0.0
YagamiKun0,,5.0,5.0,13.0,9.55,0.0,0.0,0.0,0.0
YamiScarlet29,,5.0,179.0,237.0,9.31,0.0,0.0,0.0,0.0
YazanMg,,0.0,9.0,10.0,8.33,0.0,1.0,1.0,10.0
YeetYagami,Firelink,31.0,275.0,567.0,8.98,12.0,1.0,58.0,10.0
Yerii,,18.0,112.0,274.0,7.66,10.0,20.0,40.0,8.64
Yokoto-san,Midgard,14.0,574.0,616.0,8.58,0.0,3.0,3.0,9.67
Yoosh,,5.0,158.0,298.0,7.06,6.0,1.0,21.0,7.8
Youcki,,37.0,146.0,482.0,7.3,8.0,2.0,22.0,9.0
Younes_R,,17.0,18.0,59.0,9.45,0.0,0.0,0.0,0.0
Young_M00N,,21.0,144.0,213.0,8.56,5.0,5.0,11.0,9.3
Younger_Twinn,,47.0,153.0,395.0,8.91,5.0,4.0,12.0,9.25
Yudi_Shintate,,14.0,69.0,107.0,0.0,0.0,0.0,0.0,0.0
Yukon982,,2.0,18.0,28.0,0.0,0.0,0.0,0.0,0.0
Yumakii,"San Francisco, CA",7.0,97.0,242.0,7.99,30.0,44.0,83.0,8.18
Yuu-tama,,10.0,176.0,194.0,8.99,2.0,36.0,42.0,8.81
Z4ncr0v,,6.0,40.0,47.0,8.68,0.0,0.0,0.0,0.0
Zach1603,,9.0,112.0,142.0,9.4,2.0,1.0,4.0,0.0
Zaroma,,1.0,4.0,6.0,8.4,0.0,0.0,0.0,0.0
Zaybu,,6.0,120.0,205.0,6.41,4.0,9.0,42.0,6.92
Zechyn,,3.0,44.0,88.0,7.07,2.0,1.0,15.0,7.33
ZenDearu,Clarines Kingdom,71.0,658.0,848.0,7.85,7.0,10.0,24.0,9.21
Zephyrros,,2.0,129.0,244.0,7.24,6.0,0.0,10.0,9.0
Zer0Flamer,,13.0,62.0,75.0,7.48,0.0,0.0,0.0,0.0
Zerin3173,,1.0,8.0,11.0,0.0,1.0,0.0,2.0,0.0
Zexagon,,0.0,0.0,20.0,0.0,0.0,0.0,0.0,0.0
Zombiekiller01,Konoha,12.0,127.0,365.0,7.8,13.0,8.0,29.0,7.78
Zumbach,,1.0,265.0,559.0,5.71,5.0,11.0,94.0,0.0
_CzaCza_,,8.0,160.0,264.0,8.48,0.0,0.0,0.0,0.0
_IneedAnime_,Singapore,23.0,216.0,388.0,7.35,20.0,5.0,28.0,7.22
_Lana_,,6.0,278.0,354.0,7.6,12.0,9.0,43.0,0.0
_TrashPanda,spoonin a racoon,6.0,737.0,924.0,8.11,1.0,2.0,20.0,9.5
_rotten_ham,,16.0,80.0,112.0,8.49,82.0,48.0,133.0,8.0
aceharrison,,7.0,176.0,279.0,7.38,5.0,2.0,10.0,7.0
adem8,,0.0,0.0,0.0,0.0,0.0,0.0,0.0,0.0
aexalius,,2.0,83.0,191.0,8.07,10.0,12.0,76.0,8.86
ahmed_97,"Jeddah , KSA",8.0,355.0,516.0,7.52,0.0,0.0,3.0,0.0
akeos_akeos,,4.0,79.0,92.0,8.0,2.0,3.0,5.0,9.0
andrewbaay,"Manila, Philippines",36.0,134.0,447.0,7.87,72.0,21.0,98.0,7.95
animad55,,6.0,1022.0,1034.0,7.47,11.0,8.0,19.0,0.0
apexpredator1997,"Kolkata,India",14.0,153.0,340.0,9.43,0.0,0.0,0.0,0.0
ardsydm,,0.0,25.0,66.0,7.23,1.0,1.0,8.0,9.0
aronsolberg,,16.0,43.0,90.0,0.0,5.0,0.0,5.0,0.0
aryansharm34,,5.0,20.0,71.0,8.5,1.0,0.0,1.0,0.0
asantos91,,1.0,105.0,196.0,8.22,0.0,1.0,6.0,9.0
ayalazhar08,,13.0,105.0,163.0,7.78,2.0,1.0,3.0,9.33
ayylmaokekkie,810,17.0,164.0,263.0,6.94,0.0,0.0,0.0,0.0
bartification,,3.0,30.0,82.0,7.24,0.0,0.0,0.0,0.0
bengy290,,40.0,82.0,165.0,8.23,0.0,0.0,0.0,0.0
bhomer7,,7.0,116.0,210.0,7.59,0.0,0.0,1.0,0.0
billyoneal,,5.0,94.0,288.0,7.25,0.0,0.0,0.0,0.0
blackfan321,"Belgorod, Russia",1.0,47.0,53.0,0.0,1.0,0.0,1.0,0.0
blackydono,,10.0,121.0,665.0,7.97,9.0,4.0,131.0,9.0
blasbos4,,0.0,250.0,254.0,7.0,0.0,0.0,1.0,0.0
borasdk,,8.0,211.0,234.0,6.71,0.0,0.0,0.0,0.0
brandonx0,,3.0,108.0,151.0,0.0,0.0,0.0,0.0,0.0
bread1312,,7.0,46.0,69.0,0.0,0.0,1.0,2.0,0.0
breadnotaquired,Under your pillow,20.0,83.0,168.0,7.42,3.0,2.0,8.0,7.5
budikk,Czech Republic,6.0,121.0,199.0,7.41,5.0,1.0,15.0,0.0
cagrib2003,,6.0,20.0,56.0,8.48,0.0,0.0,0.0,0.0
carpetsenpai,,8.0,28.0,88.0,8.48,0.0,0.0,0.0,0.0
ceffy,,2.0,82.0,133.0,0.0,1.0,11.0,40.0,0.0
cegatti,,5.0,71.0,93.0,8.28,0.0,0.0,1.0,7.0
chiakitable,,3.0,97.0,205.0,6.86,3.0,3.0,13.0,8.25
chicleeningles,,3.0,548.0,553.0,10.0,12.0,319.0,332.0,10.0
chidori999,,0.0,189.0,189.0,8.71,1.0,1.0,2.0,8.5
chqrlie,,20.0,255.0,444.0,7.29,24.0,106.0,207.0,7.83
cmac95,,9.0,183.0,210.0,8.19,3.0,16.0,19.0,8.74
collapse,St. Petersburg,7.0,785.0,1038.0,6.95,2.0,9.0,22.0,8.5
coolbean59,,5.0,22.0,34.0,8.71,1.0,5.0,6.0,9.4
courtjenster,Ireland,3.0,141.0,239.0,7.1,13.0,47.0,171.0,7.13
cr4shcod3,,42.0,151.0,213.0,0.0,0.0,0.0,0.0,0.0
crankputty,,24.0,766.0,1121.0,8.85,1.0,2.0,8.0,0.0
crazymario,,8.0,58.0,247.0,7.1,2.0,0.0,28.0,7.33
crazyrapist,,15.0,184.0,248.0,7.64,0.0,2.0,3.0,9.0
csed1109,,11.0,87.0,147.0,9.45,2.0,0.0,2.0,10.0
cyan_knots,,28.0,98.0,197.0,7.34,12.0,4.0,19.0,5.0
cygaj,,11.0,93.0,308.0,0.0,0.0,0.0,0.0,0.0
czaszka1999,,1.0,11.0,12.0,8.0,0.0,0.0,0.0,0.0
dEmiYuko,"Rovaniemi, Finland",34.0,224.0,665.0,8.08,11.0,7.0,51.0,8.33
dakedosan,,32.0,632.0,789.0,7.06,17.0,33.0,52.0,7.09
dakkon,,8.0,977.0,1327.0,5.79,4.0,103.0,158.0,8.23
daltanious78,,0.0,0.0,16134.0,8.0,0.0,0.0,292.0,0.0
danaxf4,,43.0,151.0,304.0,9.4,74.0,63.0,160.0,8.29
danklolihunter,,223.0,518.0,1268.0,8.82,1.0,3.0,99.0,9.22
danny_boy123,,10.0,243.0,355.0,0.0,1.0,0.0,1.0,0.0
deadgrlspeaking,DDS.NET ,0.0,461.0,869.0,7.61,40.0,140.0,331.0,7.91
dense7su,,1.0,480.0,487.0,8.65,3.0,58.0,151.0,8.15
devindelo,,7.0,125.0,201.0,10.0,1.0,1.0,3.0,10.0
di_ana906,ReoMabu's heaven ,3.0,102.0,223.0,7.36,7.0,29.0,57.0,7.8
dierubikdie,North Carolina,1.0,529.0,1012.0,6.99,0.0,9.0,33.0,7.93
dmodak365,,15.0,171.0,210.0,8.95,0.0,0.0,0.0,0.0
dofifor,,38.0,1119.0,1209.0,5.9,124.0,103.0,243.0,6.71
donivern,,0.0,11.0,93.0,0.0,0.0,0.0,0.0,0.0
doomie,Sweden,6.0,231.0,1006.0,6.6,32.0,50.0,263.0,6.36
drakiras,,18.0,145.0,237.0,9.48,0.0,1.0,12.0,0.0
dramirezc12,Colombia,122.0,87.0,419.0,4.97,0.0,0.0,0.0,0.0
dudostka,,0.0,4.0,4.0,0.0,0.0,0.0,0.0,0.0
embercore,,1.0,57.0,60.0,7.54,0.0,0.0,0.0,0.0
emperordracula,Inferno,9.0,74.0,100.0,6.97,1.0,0.0,1.0,7.0
ensorcell,California,4.0,432.0,522.0,5.1,8.0,8.0,36.0,6.64
etekusat,Jupiter,9.0,103.0,346.0,8.42,8.0,13.0,47.0,8.06
evor09,"Bell Gardens, CA",33.0,995.0,1283.0,7.37,315.0,74.0,399.0,7.61
fedora69420,,13.0,122.0,234.0,7.17,10.0,4.0,14.0,9.25
findow,,2.0,65.0,67.0,7.59,1.0,3.0,4.0,0.0
fireeater1990,,6.0,24.0,178.0,8.67,1.0,5.0,39.0,9.5
fiske,Norway,2.0,42.0,44.0,8.19,0.0,0.0,0.0,0.0
foxhuntban,,3.0,6.0,121.0,7.57,0.0,0.0,1.0,0.0
frogsen,,18.0,313.0,371.0,10.0,0.0,0.0,0.0,0.0
fullmetalmasify,"Chittenango, NY, USA",10.0,166.0,193.0,7.15,49.0,3.0,84.0,0.0
fyionszsaidh,,7.0,54.0,61.0,8.0,9.0,5.0,14.0,8.86
gabrielponce9,,9.0,34.0,57.0,8.64,0.0,0.0,0.0,0.0
gayjutsx,,4.0,79.0,99.0,8.28,0.0,2.0,5.0,4.0
gendofriendo,,8.0,747.0,849.0,0.0,4.0,5.0,9.0,0.0
giannistek1,,15.0,249.0,480.0,7.9,7.0,4.0,18.0,8.33
grait,,8.0,175.0,214.0,6.87,10.0,21.0,56.0,7.45
gregzombie,,4.0,311.0,584.0,8.31,3.0,24.0,35.0,8.72
grycekcycek,,3.0,24.0,65.0,8.05,0.0,0.0,1.0,0.0
gsraavan,,0.0,14.0,14.0,0.0,0.0,0.0,0.0,0.0
hallyson,Rio  de Janeiro - Brazil,15.0,269.0,684.0,7.51,10.0,19.0,39.0,8.19
hariettedesu,,0.0,42.0,42.0,8.6,0.0,2.0,4.0,0.0
hendraariya,,2.0,25.0,135.0,9.0,0.0,0.0,0.0,0.0
hfmr2011,,3.0,316.0,362.0,7.17,28.0,102.0,174.0,7.48
hjrisdabest,,19.0,10.0,35.0,7.95,2.0,1.0,4.0,8.5
hoodieninja4,"Indianapolis, Indiana",8.0,74.0,88.0,7.21,17.0,11.0,38.0,7.65
houin_kyouma,,14.0,153.0,347.0,6.82,0.0,1.0,1.0,9.0
humdogm,,57.0,109.0,4375.0,7.72,88.0,85.0,4299.0,7.56
hurleyjacoba,,0.0,22.0,45.0,7.43,0.0,0.0,0.0,0.0
iZytex,My House,44.0,640.0,927.0,7.38,1.0,25.0,78.0,7.55
iaxzf,,14.0,188.0,261.0,7.82,16.0,3.0,20.0,9.43
icaro_machado,,9.0,203.0,235.0,8.24,16.0,10.0,26.0,8.23
ichiya12,,13.0,282.0,362.0,7.11,1.0,0.0,5.0,0.0
idmnathanzin,,8.0,85.0,96.0,7.67,0.0,0.0,0.0,0.0
iltramoggione,,21.0,184.0,330.0,0.0,78.0,18.0,98.0,0.0
imax531,,8.0,69.0,131.0,8.01,0.0,0.0,1.0,0.0
ingrinder,,5.0,24.0,69.0,8.17,0.0,0.0,0.0,0.0
isahbellah,Brazil,3.0,312.0,1355.0,6.7,7.0,128.0,1375.0,6.33
ismas19,,2.0,76.0,79.0,7.65,0.0,0.0,0.0,0.0
ivananime,,30.0,343.0,635.0,7.54,4.0,2.0,8.0,0.0
jayjelly,,1.0,64.0,165.0,10.0,3.0,6.0,9.0,10.0
jazonandes,,10.0,65.0,182.0,6.86,9.0,6.0,17.0,7.71
jesusito1346,,17.0,236.0,389.0,6.22,19.0,6.0,40.0,8.0
jgpbBR,Brasil ,50.0,217.0,892.0,7.45,7.0,0.0,19.0,7.5
jlak,,58.0,1070.0,1476.0,8.0,0.0,0.0,0.0,0.0
jmendoza0927,Is it necessary?,5.0,243.0,561.0,0.0,8.0,4.0,68.0,0.0
juicepaket,,5.0,183.0,234.0,7.03,8.0,3.0,74.0,7.0
jyu99,,8.0,118.0,251.0,7.51,4.0,0.0,9.0,8.0
k12fly,,12.0,220.0,321.0,7.69,21.0,10.0,107.0,7.52
k4rmatic,Beyond the sea,5.0,22.0,161.0,7.5,0.0,0.0,4.0,0.0
kRuusT,"Brazil, Rio de Janeiro",18.0,107.0,370.0,6.09,1.0,4.0,23.0,0.0
kaneko_ken,,11.0,186.0,457.0,7.91,27.0,6.0,38.0,8.88
kappanosei,,4.0,135.0,356.0,0.0,3.0,0.0,11.0,0.0
karasukod,"Punta Arenas , Chile",1.0,1.0,2.0,8.5,1.0,0.0,1.0,6.0
kestasx15,,22.0,436.0,514.0,8.37,10.0,37.0,49.0,8.55
kgmoneylove,"Ohio, United States of America",3.0,90.0,232.0,8.01,0.0,2.0,2.0,10.0
khatie,"Kazincbarcika, Hungary",21.0,366.0,755.0,8.35,14.0,13.0,43.0,8.92
kindlycat,,3.0,249.0,289.0,0.0,0.0,0.0,0.0,0.0
kingofpancakes,,10.0,65.0,233.0,7.42,7.0,19.0,46.0,7.24
kip93,In a pineapple under the sea,8.0,181.0,426.0,7.66,0.0,0.0,26.0,0.0
kremfersken,,229.0,64.0,959.0,7.34,11.0,0.0,126.0,0.0
kronowik,,6.0,52.0,132.0,8.21,1.0,1.0,9.0,8.0
kuromeki_ouji,,13.0,257.0,359.0,9.08,17.0,17.0,75.0,0.0
kururugi-kun,,6.0,231.0,242.0,0.0,0.0,0.0,0.0,0.0
lHISASHI,,10.0,47.0,120.0,7.48,0.0,0.0,1.0,0.0
legovaw,,13.0,99.0,172.0,9.25,0.0,0.0,1.0,0.0
lightprk,,4.0,117.0,192.0,7.35,0.0,3.0,4.0,7.33
literal_retard,,7.0,224.0,357.0,6.68,13.0,15.0,59.0,8.46
lmrainy,,1.0,61.0,70.0,7.4,3.0,0.0,3.0,8.67
lolme319,,0.0,2.0,6.0,8.0,1.0,0.0,1.0,10.0
loltrollgames,,3.0,36.0,94.0,0.0,0.0,0.0,0.0,0.0
lon-ami,Spain,16.0,148.0,967.0,7.17,3.0,8.0,75.0,7.83
luffy606,"Spain, Valencia",31.0,928.0,1486.0,7.83,70.0,42.0,201.0,7.93
luix1999,,5.0,19.0,30.0,8.44,6.0,2.0,8.0,9.5
lunvang,"Haifa, Israel",4.0,170.0,271.0,5.52,2.0,22.0,40.0,5.59
lzmaf,,6.0,696.0,879.0,6.73,6.0,6.0,30.0,8.6
ma4pycy1,Poland,1.0,12.0,19.0,8.67,0.0,0.0,4.0,0.0
mama-boy,,155.0,637.0,980.0,7.01,0.0,0.0,0.0,0.0
manaphy909,,4.0,93.0,106.0,7.85,0.0,0.0,0.0,0.0
mantin,,3.0,18.0,22.0,7.39,0.0,0.0,0.0,0.0
manwe96,,34.0,70.0,407.0,8.02,2.0,1.0,7.0,10.0
mariaritacarva1,lisbon,4.0,178.0,338.0,9.94,2.0,0.0,2.0,10.0
markevans7799,,4.0,79.0,94.0,7.61,2.0,0.0,2.0,8.5
matt_e11,,3.0,20.0,41.0,8.48,0.0,1.0,1.0,9.0
matzemau,,6.0,91.0,117.0,7.76,7.0,2.0,10.0,9.0
michtu,,10.0,18.0,28.0,0.0,0.0,0.0,2.0,0.0
miguelzete,"Macei√≥, Brazil",6.0,54.0,105.0,5.37,2.0,1.0,19.0,9.5
miraomiry,,5.0,31.0,44.0,7.45,2.0,2.0,4.0,7.25
misima49,,4.0,399.0,442.0,8.69,0.0,0.0,0.0,0.0
misstinguette16,,3.0,28.0,65.0,7.88,3.0,2.0,6.0,9.25
mittsq,,5.0,141.0,344.0,7.15,0.0,0.0,0.0,0.0
mmd1997,,0.0,95.0,127.0,7.2,0.0,18.0,20.0,8.06
mratarashii,,10.0,97.0,119.0,7.49,0.0,1.0,2.0,10.0
mrcdvra,,0.0,0.0,0.0,0.0,0.0,0.0,0.0,0.0
mthy76,,16.0,125.0,229.0,7.31,1.0,4.0,6.0,0.0
muriloandrade,"Aracaju, Sergipe",3.0,397.0,578.0,6.16,411.0,367.0,1147.0,5.53
murinha,,4.0,134.0,210.0,8.23,6.0,36.0,90.0,8.16
mwalkeru,,38.0,592.0,950.0,7.28,1.0,3.0,13.0,8.38
myron20k,,13.0,31.0,121.0,8.5,3.0,0.0,11.0,9.0
n0vanics,,14.0,86.0,132.0,6.67,1.0,0.0,1.0,0.0
n___n89,,6.0,90.0,107.0,6.2,1.0,8.0,9.0,0.0
namesaresohard,,10.0,70.0,146.0,7.64,1.0,3.0,5.0,8.0
nekatsuki,,11.0,41.0,68.0,7.85,0.0,0.0,1.0,0.0
nicholas3015,UK,4.0,84.0,98.0,6.98,2.0,1.0,3.0,8.67
niekasvaigin,,102.0,385.0,972.0,8.13,0.0,0.0,0.0,0.0
nnloso180,,19.0,587.0,840.0,7.32,6.0,1.0,7.0,8.0
notcrizo,,9.0,94.0,119.0,7.53,1.0,0.0,2.0,0.0
nrls1fr5,,1.0,56.0,285.0,6.45,0.0,0.0,8.0,8.0
nummbr19,,5.0,42.0,70.0,7.62,0.0,0.0,0.0,0.0
nuriu,,12.0,156.0,227.0,7.82,3.0,1.0,16.0,8.33
ofekzx3,,14.0,264.0,305.0,8.16,3.0,0.0,3.0,9.5
okashihime,Hong Kong,1.0,301.0,319.0,8.92,0.0,0.0,0.0,0.0
oks-ggkh,,42.0,1290.0,1798.0,0.0,169.0,352.0,946.0,0.0
omninonsense,,2.0,10.0,29.0,9.89,0.0,0.0,0.0,0.0
otakugirl1500,,5.0,486.0,579.0,8.86,13.0,132.0,152.0,9.06
paoalmyros,"Almyros, Greece",1857.0,983.0,3628.0,8.03,937.0,7.0,1710.0,8.71
paru48,,8.0,328.0,472.0,7.58,10.0,13.0,55.0,7.44
patrox89,,3.0,48.0,113.0,7.65,2.0,0.0,11.0,10.0
pawel9802,"Lublin, Poland",4.0,44.0,263.0,7.57,0.0,0.0,0.0,0.0
peachedanik,,32.0,139.0,506.0,7.11,6.0,9.0,48.0,7.45
peepisnotdead,,0.0,45.0,76.0,0.0,1.0,0.0,3.0,0.0
pennerswag_,,27.0,109.0,229.0,6.93,1.0,0.0,2.0,0.0
petikehh69,,14.0,150.0,270.0,8.54,3.0,1.0,6.0,9.33
pipio,di memt,5.0,230.0,423.0,7.83,6.0,54.0,165.0,8.73
pkpawi,,1.0,16.0,71.0,9.44,0.0,0.0,2.0,0.0
pledgeriver8,,16.0,104.0,183.0,8.01,11.0,5.0,26.0,8.71
pyesh,,6.0,137.0,221.0,7.76,8.0,1.0,10.0,0.0
qoozi,,7.0,730.0,737.0,0.0,0.0,0.0,0.0,0.0
quinnab89,Amsterdam,7.0,103.0,227.0,8.05,16.0,8.0,40.0,8.6
rTatsuhiro,"Paran√°, Brazil",15.0,1000.0,1070.0,6.41,8.0,9.0,19.0,8.09
rafi234,"Dhaka, bangladesh",5.0,508.0,590.0,7.35,9.0,73.0,93.0,7.2
ragnir_XD,,0.0,0.0,0.0,0.0,0.0,0.0,0.0,0.0
ramdit,,15.0,124.0,167.0,6.85,0.0,0.0,0.0,0.0
random_savage,Over there,2.0,209.0,279.0,7.55,0.0,0.0,0.0,0.0
raoswetha1992,,2.0,39.0,41.0,8.63,2.0,0.0,2.0,0.0
richie130,"British Columbia, Canada",11.0,168.0,225.0,7.76,0.0,0.0,0.0,0.0
rickneves15,,54.0,176.0,512.0,8.11,132.0,5.0,138.0,7.0
riki87,,7.0,45.0,59.0,7.64,0.0,1.0,1.0,8.0
roderick806,#4039,21.0,356.0,484.0,7.51,7.0,6.0,41.0,7.93
rustic_fall,United States,2.0,53.0,95.0,7.09,0.0,1.0,1.0,10.0
sachii-chan-001,"Damascus, Syris",4.0,134.0,236.0,8.34,0.0,0.0,0.0,0.0
saliman1,,23.0,96.0,441.0,7.95,10.0,1.0,20.0,7.71
sandy_indarsan69,vinewood,6.0,226.0,246.0,9.15,3.0,6.0,10.0,9.75
savageSASUKE,,2.0,43.0,67.0,8.58,0.0,0.0,0.0,0.0
sebfossen,"Rogaland, Norway",32.0,382.0,1286.0,7.32,22.0,3.0,92.0,8.17
shadovv_gb,,22.0,310.0,538.0,7.94,0.0,0.0,34.0,0.0
shadow-7,,0.0,145.0,170.0,8.8,1.0,0.0,1.0,0.0
shinda1992,,33.0,486.0,878.0,7.81,0.0,0.0,0.0,0.0
sigis,,50.0,223.0,397.0,9.79,56.0,4.0,65.0,10.0
siicarius,Brasil,17.0,833.0,1049.0,6.94,124.0,134.0,445.0,6.82
simplonicola,,5.0,72.0,85.0,8.92,2.0,2.0,6.0,10.0
sleepingtables,Niflheim,13.0,401.0,568.0,5.89,7.0,25.0,51.0,7.72
smash2,,1.0,245.0,562.0,7.33,1.0,1.0,4.0,0.0
smatster,"Fort Wayne, Midwest",186.0,1004.0,3873.0,8.45,45.0,30.0,83.0,8.59
smiithos,,23.0,157.0,204.0,8.1,0.0,0.0,0.0,0.0
sneasle,,4.0,129.0,166.0,7.24,6.0,0.0,7.0,9.0
someone_11111,"Qatif, Saudi Arabia",3.0,520.0,774.0,8.11,8.0,9.0,32.0,9.33
sovietfluff,,126.0,172.0,407.0,7.61,14.0,11.0,28.0,10.0
spmino,829,10.0,117.0,237.0,6.67,0.0,0.0,0.0,0.0
straggy,"Tamworth, England",61.0,1352.0,1896.0,7.16,63.0,86.0,365.0,7.86
sunian314,Virginia,3.0,232.0,267.0,10.0,0.0,0.0,0.0,0.0
susan00,,10.0,457.0,984.0,5.23,63.0,250.0,557.0,5.95
sutter75,"V√°c, Pest",75.0,196.0,468.0,9.33,3.0,0.0,6.0,0.0
swierzbowy_mebel,,4.0,70.0,190.0,7.39,0.0,0.0,0.0,0.0
syymyk,,14.0,132.0,213.0,8.83,23.0,16.0,55.0,0.0
taicall,"Fulton, Maryland",18.0,216.0,465.0,7.17,8.0,9.0,27.0,8.14
td00000,,4.0,143.0,211.0,0.0,6.0,59.0,93.0,0.0
teenshooter,,21.0,92.0,161.0,7.72,1.0,0.0,1.0,8.0
thaynan01,,38.0,256.0,533.0,8.31,11.0,0.0,31.0,9.0
thewishmen,,3.0,46.0,53.0,8.47,0.0,0.0,0.0,0.0
tiagopoter,,5.0,86.0,134.0,8.45,1.0,4.0,7.0,8.5
toast53,"Lomita, CA",11.0,64.0,117.0,8.77,7.0,6.0,21.0,8.69
toasterlad,,0.0,149.0,241.0,6.98,1.0,0.0,3.0,0.0
todd2580,,110.0,32.0,406.0,8.18,7.0,0.0,66.0,8.0
tokyo1,,3.0,102.0,117.0,0.0,0.0,3.0,3.0,0.0
tomibear,,31.0,301.0,514.0,7.63,2.0,1.0,3.0,0.0
transphinx,"Salvador, Brazil",40.0,123.0,376.0,8.51,12.0,6.0,60.0,8.82
tubrafe,"Brasil, Brasilia",17.0,92.0,133.0,8.07,6.0,3.0,11.0,9.22
ulo1230,,8.0,95.0,115.0,0.0,0.0,0.0,0.0,0.0
unforming,,34.0,773.0,1185.0,10.0,33.0,13.0,84.0,10.0
unimportantuser,,109.0,214.0,1757.0,6.92,2.0,7.0,197.0,7.67
urxha,,16.0,103.0,206.0,7.85,1.0,0.0,3.0,10.0
us_sans350,,33.0,122.0,166.0,7.8,2.0,1.0,3.0,9.67
useyourlegs,,16.0,147.0,271.0,7.88,11.0,1.0,12.0,1.0
uwagaDUDE,,5.0,36.0,51.0,6.67,0.0,0.0,1.0,0.0
valerio1232,"Naples, Italy",14.0,508.0,556.0,6.87,16.0,15.0,33.0,7.15
vantran,,3.0,16.0,29.0,0.0,0.0,0.0,0.0,0.0
vilhelmiina113,,22.0,260.0,378.0,8.34,2.0,2.0,25.0,10.0
virtualityy,"Houston, Texas",19.0,206.0,740.0,6.89,20.0,0.0,101.0,8.22
vivo97,,38.0,266.0,602.0,8.36,5.0,1.0,9.0,0.0
waterfairy_,,15.0,220.0,255.0,7.6,17.0,22.0,42.0,8.39
weebdza,Kraljevo,3.0,46.0,137.0,7.63,3.0,6.0,28.0,8.88
willhawthorne,,0.0,0.0,9.0,0.0,0.0,0.0,0.0,0.0
willx500,71681f2cf0ae4a8e0399dee0bed617ec,2.0,162.0,210.0,8.33,9.0,10.0,21.0,9.06
winddevil1,Portugal / A place further than the universe,54.0,614.0,1447.0,6.99,34.0,16.0,199.0,8.67
wiusmarques,,0.0,3.0,3.0,10.0,0.0,0.0,0.0,0.0
wowmorgl,,5.0,13.0,41.0,6.57,2.0,0.0,2.0,10.0
xN_H,,2.0,226.0,286.0,9.01,0.0,0.0,0.0,0.0
xVampyricLustx,England,22.0,188.0,222.0,7.5,0.0,0.0,0.0,0.0
xdSpooky,,7.0,140.0,163.0,10.0,0.0,0.0,0.0,0.0
xeloo,"Zala, Hungary",17.0,593.0,814.0,6.91,6.0,8.0,58.0,7.74
xerososiys,,2.0,79.0,81.0,8.02,0.0,0.0,0.0,0.0
xkamx,,3.0,83.0,113.0,8.32,0.0,8.0,11.0,9.1
xxsaku26,,31.0,139.0,227.0,7.02,0.0,0.0,2.0,0.0
ySpectroo,,5.0,74.0,171.0,7.51,1.0,0.0,2.0,8.0
yatojooj,"S√£o Jos√© dos Campos, S√£o Paulo",16.0,77.0,115.0,7.13,2.0,0.0,2.0,9.0
yhelluthere,,1.0,19.0,22.0,8.36,0.0,0.0,0.0,0.0
yo_boi,,35.0,76.0,272.0,9.15,2.0,4.0,16.0,0.0
yousuckjdd,,8.0,35.0,97.0,9.32,1.0,1.0,7.0,8.33
za_hax,911,3.0,52.0,136.0,8.13,0.0,0.0,0.0,0.0
zarox24,Ore wa Jigoku ni iru. Michigan,4.0,70.0,144.0,6.34,3.0,15.0,20.0,6.81
zhuumie,,49.0,273.0,655.0,7.5,29.0,45.0,625.0,7.78
zthexshadow,,20.0,190.0,407.0,7.39,0.0,0.0,2.0,0.0
zykon,,19.0,101.0,201.0,9.0,0.0,0.0,0.0,0.0
